,text,skill
0, extensive,0
1, l chelle de solutions demonstrated,0
2,1 year similar,0
3,1 years,0
4,1 years equivalent,0
5,1 years previous customer service,0
6,1- 3 years,0
7,1-2 year previous sales,0
8,1-2 years,0
9,1-2 years general working,0
10,1-2 years previous sales,0
11,1-3 years,0
12,1-3 years clinical frontline leadership,0
13,10 years,0
14,10 years development,0
15,10 years industry,0
16,10 years related,0
17,10 years relevant experience  5 years,0
18,100 years,0
19,15 years,0
20,15 years designimplementationconsulting,0
21,2  years,0
22,2 3-5 years,0
23,2 or more leading cloud providers awsazuregcp storage,0
24,2 or more years,0
25,2 previous relevant,0
26,2 to 3 years,0
27,2 to 5 years,0
28,2 years,0
29,2 years applicable laboratory,0
30,2 years data collection,0
31,2 years experience,0
32,2 years or more,0
33,2 years professional,0
34,"2 years recent chemistry, hematology and transfusion medicine",0
35,2 years relevant sales,0
36,2 years relevant work,0
37,2 years sales,0
38,2 years successful,0
39,2 years work,0
40,"2,000   7 years",0
41,2-3 years,0
42,2-3 years managerial,0
43,2-3 years related work,0
44,2-4 years,0
45,2-4 years hands-on,0
46,2-4 years retail management,0
47,2-5 years product management,0
48,2-5 years work,0
49,2-years,0
50,3  years work,0
51,3 -- 5 years payroll,0
52,3 30pm minimum 3 years,0
53,3 months,0
54,3 years,0
55,3 years business analyst,0
56,3 years minimum,0
57,3 years professional,0
58,3 years related,0
59,3 years related experience shipping,0
60,3 years relevant,0
61,3 years sales,0
62,3 years work,0
63,3 yearsaccount management,0
64,3-4 years relevant experience,0
65,3-5 years,0
66,3-5 years recent critical care nursing,0
67,3-5 years retail management,0
68,3-years,0
69,4 strong,0
70,4 years,0
71,4 years related work,0
72,4 years technical,0
73,4 years work,0
74,4-6 years,0
75,5  years relevant professional or military,0
76,5 - 7 years,0
77,5 or more years,0
78,5 solid,0
79,5 years,0
80,5 years field sales,0
81,5 years full-cycle recruiting,0
82,5 years hands-on,0
83,5 years industry,0
84,5 years investment related,0
85,5 years professional,0
86,5 years progressive,0
87,5 years related,0
88,5 years relevant,0
89,5 years relevant industry,0
90,5 years sales,0
91,5 years scrum master experience demonstrated,0
92,5 years work,0
93,5-10 years,0
94,5-10 years senior leadership,0
95,5-7 years,0
96,50 years,0
97,50-60 excellent,0
98,6 - 9 months,0
99,6 good,0
100,6 months,0
101,6 years,0
102,6 years people management,0
103,6 years relevant,0
104,7 years,0
105,7 years human resources management,0
106,7 years minimum prior relevant,0
107,7 years practice,0
108,7 years work,0
109,8 years progressive,0
110,8 years relevant travel agency account management and operations,0
111,8-10 years,0
112,8-10 years equivalent work,0
113,8-12 years progressive,0
114,9 years,0
115,above,0
116,account management excellent,0
117,accounting or finance previous internship,0
118,accuracy bilingual french and english good,0
119,"accurate, insightful and timely  required role requirements 2 plus years",0
120,action a strong,0
121,actionable manner strong organizational skills,0
122,activities previous,0
123,additional skillspreferences good,0
124,administration 3-5 years,0
125,administration previous hr,0
126,advanced working,0
127,advisory position demonstrated,0
128,affiliate models good,0
129,agile framework working,0
130,agreements essential qualifications 3 to 5 year,0
131,ai a proven power,0
132,all delivery channelstypes demonstrable,0
133,all related employment legislation strong organization,0
134,all the required,0
135,analytical thinking strong,0
136,and previous erp implementation,0
137,and previous supervisory or management,0
138,and relevant,0
139,any,0
140,any additional,0
141,any dental laboratory discipline,0
142,any growth-oriented sales professional,0
143,any industry,0
144,any industry - strong,0
145,any one,0
146,any organization,0
147,any other enterprise producttool,0
148,any other relevant,0
149,any potential investigations,0
150,any previous,0
151,any sales,0
152,apart excellent,0
153,"applicable region specific federal, state, and local health and safety regulations cnesst",0
154,architecture strong,0
155,asset  minimum 5 years,0
156,asset  previous,0
157,asset 3 working,0
158,asset 5 years progressive management,0
159,asset 6-8 years,0
160,asset demonstrated,0
161,asset good,0
162,asset minimum 10 years human resource generalist,0
163,asset previous,0
164,asset previous salesforce,0
165,asset proven,0
166,asset solid,0
167,asset some,0
168,asset working,0
169,assigned  your,0
170,assigned your,0
171,at least 10 years cumulative demonstrated project management work,0
172,at least 2  3 years,0
173,at least 2 years,0
174,at least 2 years good,0
175,at least 3 years,0
176,at least 5 years,0
177,at least five years,0
178,at least four 4 years driving,0
179,at least four years,0
180,at least three 3 or more years relevant,0
181,at least three years related professional,0
182,at least two 2 years,0
183,at least two years,0
184,attendance strong working,0
185,autonomous and self-motivated your experience your,0
186,bachelors degree 5 years,0
187,balance working conditions,0
188,basic requirements at least 5 years,0
189,basic requirements demonstrable,0
190,basic scripting fundamentals solid,0
191,beneficial outcome strong teamwork,0
192,best possible outcome excellent time management,0
193,best practices preferred technical and professional expertise none must,0
194,best practices strong,0
195,better outcomes previous staffing industry experience,0
196,"body, recent acute care hospital clinical",0
197,both domestic and international working,0
198,both internal and external previous,0
199,both on-site and cloud experience managing and closing complex sales cycles demonstrated,0
200,both verbally and written demonstrated,0
201,both written and spoken previous,0
202,brand strategy strong,0
203,briefings strong,0
204,broad working,0
205,brokerdealer operation proven track record,0
206,buildingsfacilities strong computer skills,0
207,business acumen extensive experience,0
208,business administration 5 years,0
209,business customersclients demonstrable,0
210,business development excellent,0
211,business extensive,0
212,business related meetings behavioural demonstrated,0
213,business systems strong ethical compass comprehensive knowledge,0
214,candidate education college diploma work experience 2-3 years related,0
215,capability demonstrated,0
216,car education  experience previous golf,0
217,"cast or cast leader experience preferred guest service experience quick-service, retail, hospitality preferred past working",0
218,"cg processes excellent analytical, problem-solving and communication skills experience",0
219,chrl previous,0
220,"clear, concise fashion demonstrated",0
221,client-server -  strong,0
222,clock configurations strong,0
223,close minimum qualifications 5 years f2f,0
224,cloud-based and agile environment very strong,0
225,collective associated working,0
226,combined solid product,0
227,commerce- nielsen- numerator- ipsos- ms powerpoint working,0
228,commercial refrigeration working,0
229,communication skills excellent,0
230,"communicationspublic relations, journalism or related field 8 years progressive",0
231,community you have recent,0
232,competencies demonstrated,0
233,complete cs solutions demonstrated,0
234,completed attention no renovationconstruction,0
235,complex ecosystem proven,0
236,complex solutions solid,0
237,complexity prior,0
238,comprehension recent,0
239,computer programming languages proven communication,0
240,concepts excellent understanding,0
241,"concise, precise fashion strong",0
242,confidential information demonstrated,0
243,confidential information excellent relationship management,0
244,confidential information strong values,0
245,considerable,0
246,considered 7  years,0
247,constant basis required experience recent venipuncture experience,0
248,consultative selling 5-10 years,0
249,consumer and shopper  solid organizational and time management skills excellent communication,0
250,"contractor, manufacturer or distributor 3-5 years",0
251,contractorbusiness opportunity  no,0
252,corporate social responsibility previous adult or post-secondary level technical teaching,0
253,"cra, direct clinical research experience",0
254,criminal record check previous cleaning,0
255,critical thinking proven,0
256,crop inputs strong communication,0
257,cross-functional team member strong project management skills,0
258,crpacsdr preferred excellent patient care,0
259,crypto-specific,0
260,culinary arts preferred experience past,0
261,current events strong storyteller,0
262,current minimum 3 years,0
263,current working,0
264,customer contact centre experience solid,0
265,customer service 1 years,0
266,customer service environment excellent computer skills,0
267,customer support excellent communication skills,0
268,customers demonstrated,0
269,"daily, weekly and monthly workload - working",0
270,data analytics prior work,0
271,data capture 5 years sales,0
272,data demonstrated,0
273,data science role no teaching,0
274,data warehouse space 3 years experience,0
275,database architecture strong,0
276,datastrong working,0
277,deadlines solid,0
278,deal previous,0
279,decisions strong,0
280,degree previous work,0
281,demonstrable,0
282,demonstrable skills,0
283,demonstrated,0
284,demonstrated ability,0
285,demonstrated academic excellence 3-7 years full time,0
286,demonstrated and proven leadership,0
287,demonstrated application solutions sales,0
288,demonstrated capability,0
289,demonstrated experience growing territories ability,0
290,demonstrated interpretation skills,0
291,demonstrated leadership skills,0
292,demonstrated oral and written,0
293,demonstrated order entry skills,0
294,demonstrated proficiency,0
295,demonstrated progressive senior level management,0
296,demonstrated project management work,0
297,demonstrated success,0
298,demonstrated work,0
299,departments demonstrated,0
300,desirable,0
301,desired  relevant,0
302,desired prior,0
303,detail demonstrated,0
304,detail demonstrated ability,0
305,detail excellent,0
306,detail previous,0
307,detail strong,0
308,details strong coordination,0
309,development strong,0
310,"development, proven",0
311,difficult job specific work sites,0
312,difficulty demonstrated,0
313,digital transformation services relevant,0
314,direct,0
315,direct authority,0
316,direct carecare coordination models,0
317,direct clinical,0
318,direct contact,0
319,direct customer-facing sales role at,0
320,direct experience,0
321,direct management,0
322,direct mining experience preferable heavy equipment whole goods experience,0
323,direct people management,0
324,direct reporting responsibility,0
325,direct reports,0
326,direct reports willingness,0
327,direct sales,0
328,direct sales colleagues,0
329,direct selling,0
330,direct software sales,0
331,direct supervisory,0
332,direct work,0
333,directly relevant,0
334,director level proven,0
335,discipline experience - 5 years,0
336,discretion demonstrated,0
337,dispersed client base demonstrable,0
338,dsp previous,0
339,du groupe d affaires mondial minimum qualifications 15 years,0
340,e g  salesforce com  working,0
341,education college or university education or equivalent work,0
342,education solid,0
343,effective working relationships,0
344,effectively demonstrated,0
345,eight years,0
346,employee assessments excellent industrial mechanic,0
347,employee development needs demonstrated,0
348,employee relations issues strong knowledge,0
349,end-user support required audit evidence,0
350,engineering two 2 years minimum,0
351,"engineering, mathematics equivalent work",0
352,english and french - verbal and written previous,0
353,enthusiasm demonstrated,0
354,environment demonstrated,0
355,environment strong,0
356,environment strong working,0
357,environment two years related experience preferred previous,0
358,equivalent,0
359,equivalent   strong projectprogram management and design,0
360,equivalent  working,0
361,equivalent bachelors degree,0
362,equivalent business,0
363,equivalent business intelligence technical,0
364,equivalent combination,0
365,equivalent discipline,0
366,equivalent educationalprofessional,0
367,equivalent experience 5 years,0
368,equivalent experience bilingual english,0
369,equivalent hr function,0
370,equivalent industry,0
371,equivalent job,0
372,equivalent job related training,0
373,equivalent practical,0
374,equivalent professional,0
375,equivalent professional or military,0
376,equivalent professional work,0
377,equivalent project,0
378,equivalent public cloud platforms,0
379,equivalent role,0
380,equivalent two 2 years,0
381,equivalent work,0
382,equivalent work experience,0
383,equivalent working,0
384,essential ,0
385,essential duties,0
386,essential job,0
387,essential job functions,0
388,essential toronto,0
389,excellent,0
390,excellent client,0
391,excellent client-management communication,0
392,excellent culture,0
393,excellent customer,0
394,excellent customer service,0
395,excellent customer service skills demonstrated,0
396,excellent excel skills,0
397,excellent first-day,0
398,excellent interpersonal relationships innate sense,0
399,excellent leadership,0
400,excellent mechanicalautomotive parts,0
401,excellent organizational skills,0
402,excellent patterns,0
403,excellent problem-solving,0
404,excellent relationship building skills,0
405,excellent relationships,0
406,excellent research,0
407,excellent team,0
408,excellent working,0
409,executive leadership excellent interpersonal and communication skills demonstrable,0
410,experience 1-2 years,0
411,experience 10 years solid,0
412,experience 12 months retail,0
413,experience 3 years,0
414,experience 3 years combined,0
415,experience 4 years,0
416,experience 5 years,0
417,experience 5-10 years,0
418,experience 6-12 months retail,0
419,experience college diploma or equivalent,0
420,experience minimum five 5 years recent and related,0
421,experience minimum two 2 years,0
422,experience minimum two 2 years recent and related,0
423,experience previous experience,0
424,experience previous remote selling,0
425,experience previous supervisory or management experience - preferred  general,0
426,experience prior,0
427,experience proficient working,0
428,experience proven,0
429,experience proven leadership,0
430,experience required,0
431,experience solid,0
432,experience strong working,0
433,experience three years,0
434,experience while previous,0
435,expertise technical problem-solving skills previous,0
436,extensive,0
437,extensive client engagement,0
438,extensive demonstrations,0
439,extensive domain,0
440,extensive fashion knowledge ability,0
441,extensive industry knowledge,0
442,extensive lean manufacturing,0
443,extensive network,0
444,extensive product,0
445,extensive proven,0
446,"extensive, in-depth",0
447,external partners extensive,0
448,external priorities strong attention,0
449,externally excellent communication,0
450,facilities previous,0
451,famp a space working,0
452,fast-paced customer-based environment solid,0
453,fast-paced environment previous plumbinghvac,0
454,field relevant,0
455,fields demonstrated client service,0
456,financial statements strategic leadership and management experience 10 years,0
457,five 5 years,0
458,five 5 years relevant,0
459,five 5 years supervisor,0
460,five to seven years,0
461,five years,0
462,five years 5 management,0
463,following,0
464,following areas,0
465,following areas 10 years,0
466,following areas 6-8 years,0
467,following areas 8-10 years,0
468,following areas financial analysis,0
469,following areas linux,0
470,following areas public practice audit,0
471,"following authentication protocols shibbolethsaml, cas, ldap",0
472,following behavioral competencies,0
473,following data sources,0
474,following disciplines developing software,0
475,following functions pivot tables,0
476,following oracle solutions,0
477,following proven work,0
478,following required medical imaging equipment,0
479,following services orthopaedics,0
480,following skills preferred technical and professional,0
481,following technologies,0
482,following technologies microsoft azure,0
483,following toolslanguages,0
484,for minimum 4 years successful revenue generating,0
485,for minimum 5 years,0
486,foundational statistical concepts strong analytics background,0
487,four 4 years,0
488,four 4 years relevant,0
489,four 4 years work,0
490,four years,0
491,four years relevant,0
492,french demonstrated,0
493,french strong interpersonal,0
494,frequent overnight shifts previous cleaning,0
495,full cycle payroll strong drive,0
496,full procurement lifecycle good,0
497,full-time previous work,0
498,geo-dispersed software engineering teams proven,0
499,goal-oriented strong communication,0
500,good,0
501,good communication,0
502,good components,0
503,good computer,0
504,good customer,0
505,good documentation practices,0
506,good excel skills,0
507,good general,0
508,good hands-on,0
509,good judgement,0
510,good judgment,0
511,good lab practices,0
512,good laboratory practices,0
513,good manufacturing,0
514,good organizational skills,0
515,good technical,0
516,good time management,0
517,good understanding,0
518,good working,0
519,good working relationships,0
520,grade 12 diploma previous,0
521,granted  excellent,0
522,great asset good,0
523,greater 5 years,0
524,guarantee qualifications 1-2 years store management,0
525,gxp positions minimum 7 years,0
526,"hard-working, friendly, growth mindset - strong organizational skills ",0
527,hardware strong,0
528,have any,0
529,have minimum 2 years recent,0
530,have recent,0
531,have strong,0
532,hazardous location equipment prior,0
533,health sciences preferred 3-5 years,0
534,high-growth environment 5 years,0
535,"high-volume, fast-paced working environment",0
536,"highly complex, fast paced environment demonstrated",0
537,highly preferred  strong hands-on,0
538,hotel operations management experience extensive,0
539,however prior,0
540,hr coordination strong,0
541,hr experience working,0
542,hr preferred previous recruiting,0
543,human resource generalist required 2 years,0
544,human resources 3 years,0
545,humour strong,0
546,hybrid working model,0
547,improved required,0
548,included previous sales,0
549,independently required experience,0
550,independently when necessary excellent team-building and communication skills previous hospital,0
551,indigo brand minimal travel required working,0
552,industry previous,0
553,industry solid,0
554,industry specific,0
555,industry specific computerized applications,0
556,industry working,0
557,"industry, extensive experience programming",0
558,industry-specific,0
559,innovate strong customer service skills,0
560,innovative solutions working,0
561,internal controls strong,0
562,internal it qualifications minimum 10 years,0
563,internet and social media sourcing some,0
564,internet fundamentals extensive,0
565,interview previous recruitment,0
566,investment and wealth management research toolsservices working knowledge,0
567,issues previous,0
568,its extensive field,0
569,java demonstrated,0
570,java developer good,0
571,java working,0
572,job evaluations strong,0
573,job requirements previous human resources,0
574,job skills extensive,0
575,job specific requirements ts2 options,0
576,key stakeholders strong communication,0
577,kubernetes -  strong,0
578,l entreprise extensive,0
579,large scale complex proposals teaming skills required 5-10 years,0
580,large-scale programs proven,0
581,last 12 months,0
582,last 3 years,0
583,last 4 years,0
584,last 5 years,0
585,last five years,0
586,"last five years, completed baccalaureate degree",0
587,lead role excellent leadership,0
588,leadersh extensive,0
589,lean principles have good coaching communication,0
590,least 3 years,0
591,legislation strong communication and organizational skills proven,0
592,level practical,0
593,levels proven capacity,0
594,linkedin 2 years work,0
595,little or no construction,0
596,local hr legislations good knowledge,0
597,major company minimum 5 years,0
598,management direct,0
599,management skills previous,0
600,managerintune proven,0
601,managers your skills at least 3 year,0
602,marketing  and or  proven business development,0
603,marketing initiatives proven track record,0
604,marketing previous,0
605,master degree preferred minimum five 5 years related,0
606,mba a plus or equivalent,0
607,medical research significant direct experience,0
608,memorable and valuable,0
609,mentoring strong organizational and communication skills demonstrated,0
610,methodology strong,0
611,microsoft office proven ability,0
612,mid-executive level roles previous,0
613,minimal direct supervision,0
614,minimal oversight your team,0
615,minimum 10 years,0
616,minimum 2 - 3 years,0
617,minimum 2 years,0
618,minimum 2 years automotive,0
619,minimum 2 years pc industry,0
620,minimum 2 years work,0
621,minimum 3 - 5 years recent,0
622,minimum 3 years,0
623,minimum 3 years management,0
624,minimum 3 years office,0
625,minimum 3-5 years commercial banking,0
626,minimum 3-5 years human resources,0
627,minimum 5 years,0
628,minimum 5 years current health care,0
629,minimum 6 months,0
630,minimum 7 years,0
631,minimum 7-10 years,0
632,minimum 8-10 years,0
633,minimum extensive practical,0
634,minimum five 5 years,0
635,minimum five years sales,0
636,"minimum of 4 years recent, relevant professional work",0
637,minimum previous,0
638,minimum qualifications bachelor s degree relevant,0
639,minimum requirements 0-2 years work,0
640,minimum supervision demonstrates excellent interpersonal,0
641,minimum three years,0
642,minimum two years,0
643,model demonstrated,0
644,modern web development excellent,0
645,months,0
646,more,0
647,more complex issues,0
648,more complex products,0
649,more complex solutions,0
650,more etl tools informatica,0
651,more funding,0
652,more in-depth,0
653,more junior members,0
654,more than 2 years experience experience,0
655,more than 3 years,0
656,more years,0
657,morningstar direct,0
658,mortgage industry proven track record,0
659,mosaicpeoplesoft - finance and hr modules previous work,0
660,most demonstrated,0
661,ms office suite strong analytical and negotiation abilities,0
662,"ms word, excel, power point required",0
663,"multi-channel wholesale, retail, e-commerce operation previous experience",0
664,multi-task and solid computer,0
665,multi-task required education,0
666,multiple departments strong written and verbal communication skills strong computer skills,0
667,multiple projects proven ability,0
668,multiple sales techniques excellent communication and negotiation skills attention,0
669,multiple stakeholders good,0
670,multiple stakeholders proven,0
671,must demonstrated,0
672,must excellent,0
673,must haves 3-5 years administrative and customer service,0
674,must strong working,0
675,must working,0
676,mutual support excellent working,0
677,natural hunter demonstrated,0
678,needed prior experience,0
679,needed required experience retail,0
680,needs prior,0
681,new ideas solid,0
682,new market proven,0
683,new software previous electrical industry experience,0
684,no,0
685,no former,0
686,no industry,0
687,no prior,0
688,no specific field,0
689,no specific industry,0
690,numerical analysis demonstrated experience,0
691,one 1 year recent cash handling,0
692,"one 1 year s recent, related",0
693,one or more areas,0
694,one or more areas product launches,0
695,one or more customer serviceinside sales roles,0
696,one or more object-oriented languages,0
697,"one or more of the following industries shippinglogistics distribution centers, manufacturing environments, hospitality, healthcare, retail, and customer-facing  customer-service environments",0
698,one or more on-prem or cloud databases snowflake,0
699,one or more operating systems,0
700,one or more relevant tools sqoop,0
701,one or more visualization tools,0
702,one or more years,0
703,ontario demonstrated,0
704,open source technologies 2 years,0
705,openings strong,0
706,operational goals demonstrated problem,0
707,operational risks strong operational,0
708,operations practical knowledge,0
709,opportunity your,0
710,or  holidays strong communication skills an,0
711,or  leading people 3-5 years,0
712,or  project management 2-5 years,0
713,or equivalent,0
714,or equivalent transferable client-side,0
715,or more years,0
716,or relevant work,0
717,or several years,0
718,organization development initiative a solid,0
719,organization proven,0
720,organization strong,0
721,organizational and communication skills proven,0
722,oriented excellent decision-making,0
723,other related areas a strong,0
724,other relevant,0
725,other relevant field,0
726,other relevant languages,0
727,other relevant software,0
728,other sales experience three years related,0
729,our crm system the successful candidate brings previous sales and business development,0
730,our extensive global and industry,0
731,outlook asset previous,0
732,outlook previous experience,0
733,over 10 years,0
734,over 40 years,0
735,over 50 years,0
736,paced working environment,0
737,partner groups demonstrable,0
738,past,0
739,past experience,0
740,past field sales,0
741,past role,0
742,past trends,0
743,patient and family-centered care  demonstrated experience,0
744,patient and family-centred care  demonstrated experience,0
745,payroll professional   solid understanding,0
746,people management and communication skills demonstrated,0
747,performance marketing team qualifications at least three years,0
748,performance metrics demonstrated,0
749,performed specific duties provides integration architecture,0
750,pipelining proven,0
751,plus  10 years direct and channel enterprise software selling,0
752,plus  a strong,0
753,plus  proven,0
754,plus  strong,0
755,plus previous,0
756,plus strong,0
757,plus strong ms office,0
758,"plus, or equivalent av",0
759,pm job qualifications required,0
760,points prior,0
761,positive collaborative working relationships,0
762,positive working relationships,0
763,possible provide solid product,0
764,povs solid,0
765,power point demonstrated,0
766,powerpoint strong knowledge,0
767,practical,0
768,practical application,0
769,practical business,0
770,practical business solutions,0
771,practical experience,0
772,practical familiarity,0
773,practical outcomes,0
774,predictable outcomes bcls cpr certifications required specialty clinical experiences,0
775,preferences 5 years,0
776,preferred  bilingual english and french minimum 2 years professional,0
777,preferred  demonstrated,0
778,preferred - working,0
779,preferred 10 years,0
780,preferred 5 years,0
781,preferred demonstrated,0
782,preferred experience relevant,0
783,preferred good,0
784,preferred minimum 3-5 years progressive,0
785,preferred previous,0
786,presentation skills strong business acumen,0
787,pressure excellent customer service skills,0
788,pressure previous,0
789,pressure strong ability,0
790,previous,0
791,previous account management,0
792,previous administration,0
793,previous administrative,0
794,previous automotive,0
795,previous automotive paint and body,0
796,previous b2c sales,0
797,previous business banking or credit product application development,0
798,previous channel sales leadership,0
799,previous consultingit advisory services,0
800,previous customer,0
801,previous customer relations,0
802,previous customer service,0
803,previous discharge planning,0
804,previous engineering,0
805,previous experience,0
806,previous food service,0
807,previous housekeeping,0
808,previous hr,0
809,previous human resources work,0
810,previous industry,0
811,previous inside sales,0
812,previous insurance,0
813,previous knowledge and work,0
814,previous laboratory,0
815,previous laboratory hands-on,0
816,previous leadership,0
817,previous management,0
818,previous msl,0
819,previous office,0
820,"previous pharmaceutical, diagnostic or medical device sales",0
821,previous relevant,0
822,previous relevant work,0
823,previous retail experience cashierstock,0
824,previous sales,0
825,previous sales or account management,0
826,previous scripting,0
827,previous selling,0
828,previous sponsored drug trial,0
829,previous supervisor,0
830,previous supervisory,0
831,previous supervisory or management,0
832,previous supervisory or management experience - preferred  general,0
833,previous supervisorymanagement,0
834,previous underwriting,0
835,previous wireless and retail,0
836,previous work,0
837,primarily esris arcgis suite strong,0
838,prior,0
839,prior automotive parts,0
840,prior cleaning,0
841,prior client relationship management,0
842,prior contact center,0
843,prior customer service,0
844,prior etl,0
845,prior insidecounter sales,0
846,prior luxury goods,0
847,prior python,0
848,prior relevant,0
849,prior retail,0
850,prior sales,0
851,prior software sales,0
852,prior sql,0
853,prior supervisory,0
854,prior supervisory or leadership,0
855,prior work,0
856,priorities demonstrated,0
857,priorities strong,0
858,priorities working,0
859,prioritize excellent,0
860,procedures excellent problem-solving and organizational skills working,0
861,procedures strong,0
862,procedures strong teamwork,0
863,product chemistries all qualified applicants,0
864,products demonstrated,0
865,products working,0
866,professional environment previous tech industry experience,0
867,professionalism our requirements 5 years leadership,0
868,proficiency strong,0
869,profitability working,0
870,programs - significant,0
871,progressively more responsible,0
872,progressively more responsible management,0
873,project demonstrable,0
874,projects working technical,0
875,proven,0
876,proven ability,0
877,proven collaboration,0
878,proven experience,0
879,proven leadership,0
880,proven leadership capability,0
881,proven management capabilities,0
882,proven programming and development,0
883,proven sales,0
884,proven sourcing,0
885,proven system,0
886,proven track record,0
887,proven track record ability,0
888,proven work,0
889,proven work history,0
890,proven working,0
891,"proven, hands-on",0
892,public strong working,0
893,python at least 3 years,0
894,python or similar 2 years experience,0
895,python solid,0
896,qualifications 2-3 years related,0
897,qualifications 2-5 years,0
898,qualifications 4 years,0
899,qualifications 5 years,0
900,qualifications education university degree or college diploma or related work experience experience two years,0
901,qualifications extensive,0
902,qualifications good,0
903,qualifications optical training previous,0
904,qualifications previous,0
905,qualifications previous counter,0
906,qualifications previous pharmaceutical sales,0
907,qualifications prior,0
908,qualifications proven,0
909,qualifications significant,0
910,qualifications some,0
911,qualifications strong,0
912,qualifications working,0
913,qualified candidates,0
914,qualified tradesperson,0
915,quality radiographsimages working,0
916,recent,0
917,recent 2 years relevant operating room,0
918,recent and emerging trends,0
919,recent cardiology,0
920,recent data networking,0
921,recent emergency,0
922,recent managementleadership,0
923,recent nursing,0
924,recent program development,0
925,recent project management,0
926,recent related,0
927,recent related health care,0
928,recent transfusion medicine,0
929,recent venipuncture,0
930,recruiter solid,0
931,recruitment cycles working,0
932,reddit strong,0
933,redis solid cloud,0
934,regulations about you relevant,0
935,related discipline proven,0
936,related experience 1-3 years dynamic recruiting,0
937,related experience previous,0
938,related field 2 years,0
939,related field extensive,0
940,related field prior,0
941,related field strong,0
942,related practical experience strong,0
943,related previous sales,0
944,related quantitative role demonstrated,0
945,related technical field excellent communication skills required knowledge,0
946,relationships proven understanding,0
947,relevant,0
948,relevant and related administrative office,0
949,relevant build,0
950,relevant business,0
951,relevant clinical,0
952,relevant clinical or therapeutic,0
953,relevant companies,0
954,relevant compensation,0
955,relevant compliance,0
956,relevant consultative sales,0
957,relevant education and work,0
958,relevant experience  excellent business development skills ,0
959,relevant field,0
960,relevant functional,0
961,relevant gmp,0
962,relevant gmp practices experience,0
963,relevant industry,0
964,relevant industry framework,0
965,relevant legislation,0
966,relevant nlp tools,0
967,relevant oo programming,0
968,relevant pharmaceuticalbiotech sales,0
969,relevant product,0
970,relevant professional,0
971,relevant regulations,0
972,relevant related,0
973,relevant research,0
974,relevant risk,0
975,relevant sales,0
976,relevant software applications,0
977,relevant software industry,0
978,relevant staffing and human resources,0
979,relevant stakeholders,0
980,relevant systems,0
981,relevant technical skills ,0
982,relevant work,0
983,relevant working,0
984,relevant working experience,0
985,relevant working experience sound,0
986,remote office environment previous experience managing,0
987,remote working environment,0
988,reporting proven,0
989,required,0
990,required  minimum two 2 years leadership,0
991,required  specialized,0
992,required ability,0
993,required about you previous housekeeping,0
994,required an,0
995,required competency to,0
996,required coordinate candidate interviews,0
997,required current,0
998,required duties,0
999,required experience 1-2 years,0
1000,required extensive public works,0
1001,required google tag manager,0
1002,required interventional radiology,0
1003,required leadership skills demonstrated,0
1004,required practical,0
1005,required previous,0
1006,required requirements 7 years sales,0
1007,required skills,0
1008,required strong,0
1009,required subject matter,0
1010,required summary if,0
1011,required thorough,0
1012,required two years current,0
1013,requirements 1 - 3 years,0
1014,requirements 10 years enterprise software sales,0
1015,requirements 2 years,0
1016,requirements 3 years,0
1017,requirements 6 years,0
1018,requirements previous successful,0
1019,requirements proven,0
1020,requirements strong,0
1021,requirements strong user,0
1022,respect basic qualifications high school diploma or ged 1 years,0
1023,restaurant 3-5 years management,0
1024,results demonstrated,0
1025,retail manager 3-5 years experience,0
1026,retail or equivalent management,0
1027,retail sales excellent customer service skills,0
1028,right talent,0
1029,right times,0
1030,rm workforce  key requirements strong,0
1031,role 3 years,0
1032,role minimum 2 years work,0
1033,role proven commercial,0
1034,role strong,0
1035,safety experience working,0
1036,sales goals cosmetic experience  proven,0
1037,sales strong leadership skills,0
1038,school diploma required 2 years,0
1039,sdrbdr valuable,0
1040,securities industry experience excellent,0
1041,self-starterinitiative thoroughmethodicalnumerate previous,0
1042,senior distribution leadership capacity solid,0
1043,service previous,0
1044,service providers proven,0
1045,servicenow - recommended but not required strong,0
1046,services strong interpersonal,0
1047,seven to ten years senior management,0
1048,seven years progressive financial and operations management,0
1049,several years previous,0
1050,several years related professional,0
1051,"several years related progressive, professional",0
1052,should have 3-5 years technical,0
1053,significant,0
1054,significant ambiguity,0
1055,significant hands-on,0
1056,significant payment,0
1057,significant subject matter,0
1058,similar,0
1059,similar cloud,0
1060,similar crm system,0
1061,similar demonstrated,0
1062,similar discipline,0
1063,similar duties,0
1064,similar environment,0
1065,similar environment graduate,0
1066,similar human resources position internships,0
1067,similar industry,0
1068,similar market,0
1069,similar non-profit role,0
1070,similar position,0
1071,similar position advanced french and english verbal,0
1072,similar positions,0
1073,similar product,0
1074,similar project management tool base,0
1075,similar role,0
1076,similar role certification,0
1077,similar role national payroll,0
1078,similar role passion,0
1079,similar setting,0
1080,similar sized operation,0
1081,similar systems,0
1082,similar ux research tools,0
1083,similar work,0
1084,"similar, experience",0
1085,simplified logical manner strong public presentation,0
1086,skills - 3 years,0
1087,skills - previous banking,0
1088,skills 1-2 years,0
1089,skills 3-5 years,0
1090,skills 5 years,0
1091,skills demonstrated,0
1092,skills demonstrated telephonecustomer service skills demonstrated ability,0
1093,skills demonstrated time management skills,0
1094,skills excellent,0
1095,"skills exceptional analytical, problem-solving and decision-making skills proven",0
1096,skills past,0
1097,skills schedule flexibility analytical and problem-solving skills strong,0
1098,skills solid,0
1099,skills strong,0
1100,skills strong leadership,0
1101,skills strong working,0
1102,skills very good,0
1103,so much hands-on technical,0
1104,softwaredesignfunctionality demonstrated,0
1105,solid,0
1106,solid channel,0
1107,solid foundation,0
1108,solid knowledge,0
1109,solid product,0
1110,solid programming,0
1111,solid software development,0
1112,solid technical,0
1113,solid understanding,0
1114,solid working,0
1115,solid working knowledge,0
1116,solutions have excellent interpersonal skills be,0
1117,some,0
1118,some architectural or distributed systems,0
1119,some combination,0
1120,some digital knowledge strong presentation,0
1121,some disciplines,0
1122,some flower production,0
1123,some jobsites safety equipment,0
1124,some of hunting business development experience,0
1125,some of solid hr generalist background,0
1126,some point,0
1127,some retail,0
1128,some stage,0
1129,sound and proven,0
1130,sound theoretical and working,0
1131,space previous,0
1132,specialties demonstrated,0
1133,specific,0
1134,specific client program,0
1135,specific emphasis on extensive,0
1136,specific knowledge,0
1137,specific mining equipment,0
1138,specific practice area,0
1139,specific requirements build applicant pipeline,0
1140,specific subject matter expertise,0
1141,specific technologies,0
1142,specific tools,0
1143,spirit have good project coordination skills,0
1144,sql at least 3 years,0
1145,stakeholders strong,0
1146,state management concepts 3 working,0
1147,store bookkeeping working conditions,0
1148,strategic account management 2 or more year s management experience,0
1149,strategic business initiatives proven experience,0
1150,strict deadlines demonstrated leadership,0
1151,strong,0
1152,strong  statistical,0
1153,strong ability,0
1154,strong analytical,0
1155,strong analytical skills,0
1156,strong analytics,0
1157,strong asset a good,0
1158,strong asset management financial products industry,0
1159,strong asset strong,0
1160,strong attention,0
1161,strong business,0
1162,strong business acumen,0
1163,strong business partnerships,0
1164,strong business pipeline,0
1165,strong business relationships,0
1166,strong client facing,0
1167,strong commitment,0
1168,strong consulting skills,0
1169,strong course evaluations,0
1170,strong customer,0
1171,strong customer service,0
1172,strong desire,0
1173,strong drive,0
1174,strong financial,0
1175,strong financial position,0
1176,strong focus,0
1177,strong gsk product,0
1178,strong hands-on,0
1179,strong internet skills,0
1180,strong interpersonal skills proven,0
1181,strong interpersonal skills the,0
1182,strong ipad,0
1183,strong leadership,0
1184,strong litigation,0
1185,strong market,0
1186,strong marketing,0
1187,strong marketing and communications,0
1188,strong mechanical and electrical,0
1189,strong merchandising and product,0
1190,strong nice-to-have,0
1191,strong nice-to-have  real-world,0
1192,strong organizational,0
1193,strong organizational skills,0
1194,strong parallels,0
1195,strong partner relationships,0
1196,strong partnerships,0
1197,strong portfolio client base,0
1198,strong presentation and facilitation,0
1199,strong previous administrative work,0
1200,strong process discipline,0
1201,strong product,0
1202,strong project management,0
1203,strong rationale,0
1204,strong relationships,0
1205,strong sales performance,0
1206,strong service,0
1207,strong subject matter,0
1208,strong team player flexible,0
1209,strong team player required,0
1210,strong technical,0
1211,strong technical construction,0
1212,strong technicality and problem-solving abilities,0
1213,strong track record,0
1214,strong trusting relationships,0
1215,strong understanding,0
1216,strong vmware,0
1217,strong work ethics,0
1218,strong working,0
1219,strong working and conceptual,0
1220,strong working relationships effective communication skills,0
1221,strong written and verbal english skills - demonstrated leadership,0
1222,"strong, achievable incentive program",0
1223,"strong, in-depth and demonstrable hands-on",0
1224,study minimum 10 years progressive,0
1225,substantial,0
1226,substantial senior sales management,0
1227,success previous,0
1228,successful client programs direct,0
1229,successful direct selling,0
1230,syspro previous customer service,0
1231,systems good,0
1232,table 2 - 5 years hydraulic sales,0
1233,table 5 years,0
1234,table 5 years related,0
1235,tactics solid working knowledge,0
1236,team 5-7 years,0
1237,team demonstrated,0
1238,team environment previous,0
1239,team environment working,0
1240,team excellent,0
1241,teams previous,0
1242,tech savvy previous client relations,0
1243,technical and professional expertise required professional and technical,0
1244,technical design strong knowledge,0
1245,technical extensive,0
1246,technical requirements proven,0
1247,technically inclined previous,0
1248,techniques demonstrated,0
1249,technologies extensive,0
1250,technologies previous data analysis,0
1251,technology components prior,0
1252,technology excellent understanding,0
1253,technology previous,0
1254,technology strong,0
1255,technology transferentrepreneurship accountabilities - 5 years,0
1256,than 6 years,0
1257,their,0
1258,their absence your,0
1259,their assigned accounts,0
1260,their automotive,0
1261,their banking,0
1262,their business issues,0
1263,their business objectives,0
1264,their collective,0
1265,their cover letter,0
1266,their current and future needs,0
1267,their deep technical,0
1268,their design and research,0
1269,their digital marketing,0
1270,their domain,0
1271,their extensive product,0
1272,their in-depth product,0
1273,their industry,0
1274,their interview and onboarding,0
1275,their leadership,0
1276,their lending and insurance,0
1277,their needs,0
1278,their own boundaries extensive,0
1279,their own expense,0
1280,their product,0
1281,their project management,0
1282,their rcl,0
1283,their search,0
1284,their selling,0
1285,their shopping,0
1286,their software sales,0
1287,their team,0
1288,their technical,0
1289,their territory,0
1290,their work,0
1291,their workplace,0
1292,this  proven,0
1293,thorough working,0
1294,three 3 or more years relevant,0
1295,three 3 years,0
1296,three 3 years combined,0
1297,three 3 years professional recruitment,0
1298,three months,0
1299,three to six years progressively more responsible,0
1300,three years,0
1301,tight deadlines strong attention,0
1302,tight timelines excellent organizational skills,0
1303,tightly prescribed timelines - proven,0
1304,times strong,0
1305,to 2 years,0
1306,to detail strong,0
1307,tools any,0
1308,tools strong,0
1309,trial proven,0
1310,two 2 years,0
1311,two 2 years related work,0
1312,two or more years,0
1313,two years,0
1314,two years directly related accounting or administrative,0
1315,two years financial statement audit,0
1316,two years hotel sales,0
1317,two years manager,0
1318,two years work,0
1319,two-three 2-3 years,0
1320,uk,0
1321,unionized workplace competent working,0
1322,upbeat phoneonline personality proven,0
1323,usa required adhere,0
1324,valuable,0
1325,valuable orebody,0
1326,valuable strategic human resources experience,0
1327,valuable strong working,0
1328,value-selling excellent communication,0
1329,vendors demonstrable,0
1330,"verbal, written and active listening strong",0
1331,very good,0
1332,very strong pipeline and account management,0
1333,"vue js, demonstrated",0
1334,"weekend, closing and peak shifts prior sales management",0
1335,wine industry major asset skills excellent,0
1336,work performed specific duties provides solution architecture,0
1337,working,0
1338,working environment,0
1339,working jobsites,0
1340,working knowledge,0
1341,working knowledge of strong technical,0
1342,written form requirements 8 years,0
1343,years,0
1344,years hand-on,0
1345,years minimum front desk,0
1346,years work,0
1347,you 1-2 years,0
1348,you have 1-2 years,0
1349,you have recent,0
1350,your,0
1351,your adp service,0
1352,your analytical,0
1353,your application email,0
1354,your automotive,0
1355,your belt c programming,0
1356,your boutique,0
1357,your client-focused sales,0
1358,your clients,0
1359,your clients demonstrable,0
1360,your clients qualifications,0
1361,your current,0
1362,your deep,0
1363,your deep and broad technical and management,0
1364,your domain,0
1365,your education,0
1366,your extensive sales,0
1367,your field,0
1368,your financial services industry,0
1369,your genuine,0
1370,your geographic territory preferred qualificationscompetencies sales,0
1371,your highly-developed,0
1372,your hr,0
1373,your human resources,0
1374,your in-depth,0
1375,your industry,0
1376,your insurance,0
1377,your leadership and support,0
1378,your line,0
1379,your loved ones,0
1380,your machine learning and linguistic,0
1381,your natural,0
1382,your overall,0
1383,your past business development,0
1384,your peers,0
1385,your performance,0
1386,your portfolio,0
1387,your previous retailcustomer service,0
1388,your product,0
1389,your professional,0
1390,your professional communications,0
1391,your recruiting,0
1392,your required area,0
1393,your robust,0
1394,your sales,0
1395,your sales and marketing,0
1396,your store,0
1397,your strong,0
1398,your strong digital learning,0
1399,your talent acquisition,0
1400,your teammates,0
1401,your technical,0
1402,your unique,0
1403,your vast,0
1404,your work,0
1405,zabbix minimum 2 years relevant hands-on,0
